<?xml version="1.0" encoding="UTF-8"?>
<!DOCTYPE generatorConfiguration
  PUBLIC "-//mybatis.org//DTD MyBatis Generator Configuration 1.0//EN"
  "http://mybatis.org/dtd/mybatis-generator-config_1_0.dtd">

<generatorConfiguration>
  <properties resource="application.properties"/>

  <context id="Mysql" targetRuntime="MyBatis3" defaultModelType="flat">

    <commentGenerator>
      <!--  关闭自动生成的注释  -->
      <property name="suppressAllComments" value="true" />
    </commentGenerator>

    <jdbcConnection driverClass="${spring.datasource.driverClassName}"
      connectionURL="${spring.datasource.url}"
      userId="${spring.datasource.username}"
      password="${spring.datasource.password}">
    </jdbcConnection>

    <!--model存放位置-->
    <javaModelGenerator targetPackage="com.itclj.model" targetProject="src/main/java"/>

    <!--sql映射文件存放位置-->
    <sqlMapGenerator targetPackage="mapper" targetProject="src/main/resources"/>

    <!--mybatis java mapper客户端类存放位置-->
    <javaClientGenerator targetPackage="com.itclj.mapper" targetProject="src/main/java" type="XMLMAPPER"/>

    <table schema="auth_demo" tableName="sys_role_permission" domainObjectName="SysRolePermission">
      <!--指明ID，新增时返回的对象里面才会有-->
      <generatedKey column="id" sqlStatement="MySql" identity="true"/>
    </table>

  </context>
</generatorConfiguration>