<?xml version="1.0" encoding="UTF-8"?>
<!DOCTYPE mapper PUBLIC "-//mybatis.org//DTD Mapper 3.0//EN" "http://mybatis.org/dtd/mybatis-3-mapper.dtd">
<mapper namespace="com.zjt.mapper.TuserMapper">
  <resultMap id="BaseResultMap" type="com.zjt.entity.Tuser">
    <!--
      WARNING - @mbg.generated
    -->
    <id column="id" jdbcType="INTEGER" property="id" />
    <result column="bz" jdbcType="VARCHAR" property="bz" />
    <result column="password" jdbcType="VARCHAR" property="password" />
    <result column="true_name" jdbcType="VARCHAR" property="trueName" />
    <result column="user_name" jdbcType="VARCHAR" property="userName" />
    <result column="remarks" jdbcType="VARCHAR" property="remarks" />
  </resultMap>
</mapper>