<?xml version="1.0" encoding="UTF-8"?>
<beans xmlns="http://www.springframework.org/schema/beans"
	xmlns:xsi="http://www.w3.org/2001/XMLSchema-instance" xmlns:p="http://www.springframework.org/schema/p"
	xmlns:context="http://www.springframework.org/schema/context"
	xmlns:mvc="http://www.springframework.org/schema/mvc"
	xsi:schemaLocation="http://www.springframework.org/schema/beans http://www.springframework.org/schema/beans/spring-beans.xsd
        http://www.springframework.org/schema/mvc http://www.springframework.org/schema/mvc/spring-mvc-4.0.xsd
        http://www.springframework.org/schema/context http://www.springframework.org/schema/context/spring-context.xsd">

	<!--配置service的包扫描，自动注入Service-->
	<context:component-scan base-package="com.spring"/>

	<!-- 使用spring自带的占位符替换功能 -->
	<bean
		class="org.springframework.beans.factory.config.PropertyPlaceholderConfigurer">
		<!-- 允许JVM参数覆盖 -->
		<property name="systemPropertiesModeName" value="SYSTEM_PROPERTIES_MODE_OVERRIDE" />
		<!-- 忽略没有找到的资源文件 -->
		<property name="ignoreResourceNotFound" value="true" />
		<!-- 配置资源文件 -->
		<property name="locations">
			<list>
				<value>classpath:log4j.properties</value>
			</list>
		</property>
	</bean>

</beans>